chinese,english,spanish,french,german,russian,korean,arabic
一,one|unity,uno|unidad,un|unité,eins|einheit,один|единство,하나|통일,واحد|وحدة
乙,second|twist,segundo|torcer,deuxième|tordre,zweite|drehen,второй|крутить,둘째|비틀다,ثاني|لوى
丨,vertical line,línea vertical,ligne verticale,vertikale linie,вертикальная линия,수직선,خط عمودي
丶,dot|point,punto,point,punkt,точка,점,نقطة
丿,slash|diagonal,barra diagonal,barre diagonale,schrägstrich,косая черта,빗금,شرطة مائلة
乀,hook left,gancho izquierdo,crochet gauche,haken links,крючок влево,왼쪽 갈고리,خطاف يسار
乁,hook right,gancho derecho,crochet droit,haken rechts,крючок вправо,오른쪽 갈고리,خطاف يمين
乚,hook horizontal,gancho horizontal,crochet horizontal,horizontaler haken,горизонтальный крючок,가로 갈고리,خطاف أفقي
乛,hook turning,gancho giratorio,crochet tournant,wendehaken,поворотный крючок,돌리는 갈고리,خطاف دوار
亅,hook vertical,gancho vertical,crochet vertical,vertikaler haken,вертикальный крючок,세로 갈고리,خطاف عمودي
二,two|pair,dos|par,deux|paire,zwei|paar,два|пара,둘|쌍,اثنان|زوج
人,person|human,persona|humano,personne|humain,person|mensch,человек,사람|인간,شخص|إنسان
亻,person radical,radical de persona,radical de personne,person-radikal,радикал человека,사람 부수,جذر الشخص
刀,knife|blade,cuchillo|hoja,couteau|lame,messer|klinge,нож|лезвие,칼|날,سكين|نصل
刂,knife radical,radical de cuchillo,radical de couteau,messer-radikal,радикал ножа,칼 부수,جذر السكين
匕,spoon|dagger,cuchara|daga,cuillère|dague,löffel|dolch,ложка|кинжал,숟가락|단검,ملعقة|خنجر
卜,divination|fortune,adivinación|fortuna,divination|fortune,wahrsagung|glück,гадание|судьба,점|운,عرافة|حظ
冫,ice|cold,hielo|frío,glace|froid,eis|kalt,лёд|холод,얼음|차가운,ثلج|بارد
又,again|hand,otra vez|mano,encore|main,wieder|hand,снова|рука,또|손,مرة أخرى|يد
儿,legs|child,piernas|niño,jambes|enfant,beine|kind,ноги|ребёнок,다리|아이,أرجل|طفل
八,eight|divide,ocho|dividir,huit|diviser,acht|teilen,восемь|делить,여덟|나누다,ثمانية|قسم
入,enter|inside,entrar|dentro,entrer|dedans,eingeben|innen,войти|внутри,들어가다|안,دخل|داخل
十,ten|complete,diez|completo,dix|complet,zehn|vollständig,десять|полный,열|완전,عشرة|كامل
厂,cliff|factory,acantilado|fábrica,falaise|usine,klippe|fabrik,утёс|фабрика,절벽|공장,جرف|مصنع
力,strength|power,fuerza|poder,force|pouvoir,kraft|macht,сила|мощь,힘|력,قوة|سلطة
几,small table,mesa pequeña,petite table,kleiner tisch,маленький стол,작은 탁자,طاولة صغيرة
厶,private|self,privado|yo,privé|soi,privat|selbst,частный|себя,사적|자기,خاص|نفس
丷,divide|separate,dividir|separar,diviser|séparer,teilen|trennen,делить|отделять,나누다|분리,قسم|فصل
亠,lid|cover,tapa|cubrir,couvercle|couvrir,deckel|bedecken,крышка|покрывать,뚜껑|덮다,غطاء|غطى
冂,frame|border,marco|borde,cadre|bordure,rahmen|grenze,рамка|граница,틀|경계,إطار|حدود
冖,cover|roof,cubrir|techo,couvrir|toit,bedecken|dach,покрывать|крыша,덮다|지붕,غطى|سقف
凵,container|vessel,contenedor|recipiente,récipient|vaisseau,behälter|gefäß,контейнер|сосуд,용기|그릇,حاوية|وعاء
⺈,small,pequeño,petit,klein,маленький,작은,صغير
勹,wrap|embrace,envolver|abrazar,envelopper|embrasser,umhüllen|umarmen,обёртывать|обнимать,감싸다|안다,لف|احتضن
匚,box|container,caja|contenedor,boîte|récipient,kiste|behälter,коробка|контейнер,상자|용기,صندوق|حاوية
匸,hide|conceal,esconder|ocultar,cacher|dissimuler,verstecken|verbergen,прятать|скрывать,숨다|감추다,اختبأ|أخفى
卩,seal|joint,sello|articulación,sceau|joint,siegel|gelenk,печать|сустав,도장|관절,ختم|مفصل
㔾,ancient form,forma antigua,forme ancienne,alte form,древняя форма,고대 형태,شكل قديم
讠,speech radical,radical de habla,radical de parole,sprech-radikal,радикал речи,말 부수,جذر الكلام
乂,cross|multiply,cruz|multiplicar,croix|multiplier,kreuz|multiplizieren,крест|умножать,십자|곱하다,صليب|ضرب
丁,nail|adult,clavo|adulto,clou|adulte,nagel|erwachsener,гвоздь|взрослый,못|어른,مسمار|بالغ
七,seven,siete,sept,sieben,семь,일곱,سبعة
乃,then|therefore,entonces|por lo tanto,alors|donc,dann|daher,тогда|поэтому,그러면|따라서,إذن|لذلك
九,nine,nueve,neuf,neun,девять,아홉,تسعة
了,complete|finish,completo|terminar,complet|finir,vollständig|beenden,полный|заканчивать,완료|끝,مكتمل|انتهى
⺀,ancient variant,variante antigua,variante ancienne,alte variante,древний вариант,고대 변형,متغير قديم
龴,ancient form,forma antigua,forme ancienne,alte form,древняя форма,고대 형태,شكل قديم
⺁,ancient variant,variante antigua,variante ancienne,alte variante,древний вариант,고대 변형,متغير قديم
刁,cunning|sly,astuto|taimado,rusé|sournois,listig|verschlagen,хитрый|лукавый,교활한|간사한,ماكر|مخادع
宀,roof|house,techo|casa,toit|maison,dach|haus,крыша|дом,지붕|집,سقف|بيت
口,mouth|opening,boca|abertura,bouche|ouverture,mund|öffnung,рот|отверстие,입|구멍,فم|فتحة
土,earth|soil,tierra|suelo,terre|sol,erde|boden,земля|почва,흙|땅,أرض|تربة
士,scholar|gentleman,erudito|caballero,érudit|gentleman,gelehrter|herr,учёный|джентльмен,선비|신사,عالم|سيد
大,big|great,grande|gran,grand|gros,groß|toll,большой|великий,큰|위대한,كبير|عظيم
女,woman|female,mujer|femenino,femme|féminin,frau|weiblich,женщина|женский,여자|여성,امرأة|أنثى
子,child|offspring,niño|descendencia,enfant|descendance,kind|nachkomme,ребёнок|потомство,자식|아이,طفل|ذرية
小,small|little,pequeño|poco,petit|peu,klein|wenig,маленький|мало,작은|조금,صغير|قليل
山,mountain|hill,montaña|colina,montagne|colline,berg|hügel,гора|холм,산|언덕,جبل|تل
川,river|stream,río|arroyo,rivière|ruisseau,fluss|bach,река|поток,강|시내,نهر|جدول
工,work|craft,trabajo|artesanía,travail|artisanat,arbeit|handwerk,работа|ремесло,일|공예,عمل|حرفة
巾,cloth|towel,tela|toalla,tissu|serviette,tuch|handtuch,ткань|полотенце,천|수건,قماش|منشفة
弓,bow|arch,arco,arc,bogen,лук|дуга,활|호,قوس
飞,fly|flight,volar|vuelo,voler|vol,fliegen|flug,летать|полёт,날다|비행,طيران|رحلة
马,horse|fast,caballo|rápido,cheval|rapide,pferd|schnell,лошадь|быстрый,말|빠른,حصان|سريع
巛,river|flow,río|flujo,rivière|flux,fluss,река|поток,강|흐름,نهر|تدفق
夕,evening|sunset,tarde|atardecer,soir|coucher,abend|sonnenuntergang,вечер|закат,저녁|일몰,مساء|غروب
尸,corpse|body,cadáver|cuerpo,cadavre|corps,leiche|körper,труп|тело,시체|몸,جثة|جسد
己,self|oneself,yo|uno mismo,soi|soi-même,selbst|sich,себя|сам,자기|자신,نفس|الذات
干,dry|stem,seco|tallo,sec|tige,trocken|stamm,сухой|стебель,마른|줄기,جاف|ساق
幺,tiny|thread,diminuto|hilo,minuscule|fil,winzig|faden,крошечный|нить,작은|실,صغير|خيط
广,building|shelter,edificio|refugio,bâtiment|abri,gebäude|unterschlupf,здание|укрытие,건물|피난처,مبنى|مأوى
廾,hands|together,manos|juntos,mains|ensemble,hände|zusammen,руки|вместе,손|함께,أيدي|معا
弋,arrow|shoot,flecha|disparar,flèche|tirer,pfeil|schießen,стрела|стрелять,화살|쏘다,سهم|أطلق
忄,heart|emotion,corazón|emoción,cœur|émotion,herz|emotion,сердце|эмоция,마음|감정,قلب|عاطفة
扌,hand|action,mano|acción,main|action,hand|aktion,рука|действие,손|행동,يد|عمل
氵,water|flow,agua|flujo,eau|flux,wasser|fluss,вода|поток,물|흐름,ماء|تدفق
囗,enclosure|surround,recinto|rodear,enceinte|entourer,gehege|umgeben,ограждение|окружать,울타리|둘러싸다,حاوية|أحاط
寸,inch|measure,pulgada|medida,pouce|mesure,zoll|maß,дюйм|мера,촌|측정,بوصة|قياس
彡,hair|pattern,cabello|patrón,cheveu|motif,haar|muster,волосы|узор,머리카락|무늬,شعر|نمط
彳,step|walk,paso|caminar,pas|marcher,schritt|gehen,шаг|идти,걸음|걷다,خطوة|مشى
夂,slow|gradual,lento|gradual,lent|graduel,langsam|allmählich,медленный|постепенный,느린|점진적,بطيء|تدريجي
夊,walk|movement,caminar|movimiento,marcher|mouvement,gehen|bewegung,идти|движение,걷다|움직임,مشي|حركة
尢,lame|defect,cojo|defecto,boiteux|défaut,lahm|fehler,хромой|дефект,절뚝|결함,أعرج|عيب
屮,sprout|grow,brote|crecer,pousse|pousser,keim|wachsen,росток|расти,새싹|자라다,برعم|نمو
廴,long stride,zancada larga,longue enjambée,langer schritt,длинный шаг,긴 걸음,خطوة طويلة
彐,snout|pig,hocico|cerdo,museau|porc,schnauze|schwein,морда|свинья,주둥이|돼지,خطم|خنزير
彑,pig head,cabeza de cerdo,tête de porc,schweinekopf,голова свиньи,돼지 머리,رأس خنزير
丬,half tree,medio árbol,demi-arbre,halber baum,половина дерева,반나무,نصف شجرة
艹,grass|plant,hierba|planta,herbe|plante,gras|pflanze,трава|растение,풀|식물,عشب|نبات
辶,walk|road,caminar|camino,marcher|route,gehen|straße,идти|дорога,걷다|길,مشي|طريق
阝,mound|place,montículo|lugar,monticule|lieu,hügel|ort,холм|место,언덕|장소,تل|مكان
饣,food radical,radical de comida,radical de nourriture,essen-radikal,радикал еды,음식 부수,جذر الطعام
犭,animal|beast,animal|bestia,animal|bête,tier|bestie,животное|зверь,동물|짐승,حيوان|وحش
门,door|gate,puerta|portal,porte|portail,tür|tor,дверь|ворота,문|대문,باب|بوابة
三,three,tres,trois,drei,три,셋,ثلاثة
上,up|above,arriba|encima,haut|dessus,hoch|oben,вверх|над,위|위에,فوق|أعلى
下,down|below,abajo|debajo,bas|dessous,unten|unter,вниз|под,아래|밑에,تحت|أسفل
万,ten thousand,diez mil,dix mille,zehntausend,десять тысяч,만,عشرة آلاف
义,righteousness,justicia,justice,gerechtigkeit,справедливость,의,عدالة
之,possessive particle,partícula posesiva,particule possessive,besitzpartikel,притяжательная частица,의,أداة الملكية
习,practice|learn,practicar|aprender,pratiquer|apprendre,üben|lernen,практиковать|учиться,연습|배우다,تدرب|تعلم
于,at|in,en|dentro,à|dans,bei|in,в|у,에서|안에,في|عند
亡,death|lose,muerte|perder,mort|perdre,tod|verlieren,смерть|терять,죽음|잃다,موت|فقد
刃,blade|edge,hoja|filo,lame|tranchant,klinge|schneide,лезвие|край,날|가장자리,نصل|حافة
勺,spoon|ladle,cuchara|cucharón,cuillère|louche,löffel|schöpfkelle,ложка|половник,숟가락|국자,ملعقة|مغرفة
千,thousand,mil,mille,tausend,тысяча,천,ألف
及,reach|and,alcanzar|y,atteindre|et,erreichen|und,достигать|и,이르다|그리고,وصل|و
乡,village|countryside,aldea|campo,village|campagne,dorf|land,деревня|сельская местность,마을|시골,قرية|ريف
才,talent|just,talento|justo,talent|juste,talent|gerade,талант|только,재능|막,موهبة|فقط
兀,bald|突出,calvo|saliente,chauve|saillant,kahl|hervorstehend,лысый|выступающий,대머리|돌출,أصلع|بارز
与,give|with,dar|con,donner|avec,geben|mit,давать|с,주다|와,أعطى|مع
也,also|too,también|tambien,aussi|trop,auch|zu,также|тоже,또한|너무,أيضا|جدا
叉,fork|cross,tenedor|cruz,fourchette|croix,gabel|kreuz,вилка|крест,포크|십자,شوكة|صليب
亍,step|pace,paso|ritmo,pas|allure,schritt|tempo,шаг|темп,걸음|보조,خطوة|وتيرة
丈,measure|elder,medida|anciano,mesure|aîné,maß|ältester,мера|старший,장|어른,مقياس|كبير
个,individual|piece,individual|pieza,individuel|pièce,einzeln|stück,отдельный|кусок,개인|개,فردي|قطعة
丸,round|pill,redondo|píldora,rond|pilule,rund|pille,круглый|таблетка,둥근|알약,مستدير|حبة
久,long time,mucho tiempo,longtemps,lange zeit,долгое время,오랫동안,وقت طويل
亏,loss|deficit,pérdida|déficit,perte|déficit,verlust|defizit,потеря|дефицит,손실|적자,خسارة|عجز
⺌,ice variant,variante de hielo,variante de glace,eis-variante,вариант льда,얼음 변형,متغير الثلج
⺍,small variant,variante pequeña,petite variante,kleine variante,маленький вариант,작은 변형,متغير صغير
⻏,mound variant,variante de montículo,variante de monticule,hügel-variante,вариант холма,언덕 변형,متغير التل
么,what|small,qué|pequeño,quoi|petit,was|klein,что|маленький,뭐|작은,ماذا|صغير
乞,beg|request,mendigar|pedir,mendier|demander,betteln|bitten,просить|требовать,구걸|요청,تسول|طلب
已,already|stop,ya|parar,déjà|arrêter,bereits|stoppen,уже|остановиться,이미|멈추다,بالفعل|توقف
爻,hexagram line,línea de hexagrama,ligne d'hexagramme,hexagramm-linie,линия гексаграммы,괘효,خط السداسي
戈,halberd|weapon,alabarda|arma,hallebarde|arme,hellebarde|waffe,алебарда|оружие,창|무기,حربة|سلاح
户,door|household,puerta|hogar,porte|ménage,tür|haushalt,дверь|домашнее хозяйство,문|가정,باب|منزل
文,writing|culture,escritura|cultura,écriture|culture,schrift|kultur,письменность|культура,글|문화,كتابة|ثقافة
斗,fight|measure,luchar|medida,combattre|mesure,kämpfen|maß,бороться|мера,싸우다|되,قاتل|مقياس
斤,axe|catty,hacha|catty,hache|catty,axt|catty,топор|катти,도끼|근,فأس|كاتي
日,sun|day,sol|día,soleil|jour,sonne|tag,солнце|день,해|날,شمس|يوم
月,moon|month,luna|mes,lune|mois,mond|monat,луна|месяц,달|월,قمر|شهر
木,tree|wood,árbol|madera,arbre|bois,baum|holz,дерево|древесина,나무|목재,شجرة|خشب
比,compare|ratio,comparar|proporción,comparer|ratio,vergleichen|verhältnis,сравнивать|отношение,비교|비율,قارن|نسبة
气,air|breath,aire|respiración,air|souffle,luft|atem,воздух|дыхание,공기|숨,هواء|نفس
水,water|flow,agua|flujo,eau|flux,wasser|fluss,вода|поток,물|흐름,ماء|تدفق
火,fire|flame,fuego|llama,feu|flamme,feuer|flamme,огонь|пламя,불|화염,نار|لهب
父,father,padre,père,vater,отец,아버지,أب
牛,cow|bull,vaca|toro,vache|taureau,kuh|stier,корова|бык,소|황소,بقرة|ثور
牜,cow radical,radical de vaca,radical de vache,kuh-radikal,радикал коровы,소 부수,جذر البقرة
犬,dog|hunt,perro|cazar,chien|chasser,hund|jagen,собака|охотиться,개|사냥,كلب|صيد
王,king|jade,rey|jade,roi|jade,könig|jade,король|нефрит,왕|옥,ملك|يشب
贝,shell|treasure,concha|tesoro,coquille|trésor,muschel|schatz,раковина|сокровище,조개|보물,صدفة|كنز
车,vehicle|wheel,vehículo|rueda,véhicule|roue,fahrzeug|rad,транспорт|колесо,수레|바퀴,مركبة|عجلة
风,wind|style,viento|estilo,vent|style,wind|stil,ветер|стиль,바람|스타일,ريح|أسلوب
毋,do not,no hacer,ne pas,nicht tun,не делать,하지 말다,لا تفعل
戶,door variant,variante de puerta,variante de porte,tür-variante,вариант двери,문 변형,متغير الباب
灬,fire dots,puntos de fuego,points de feu,feuer-punkte,точки огня,불 점들,نقاط النار
方,square|direction,cuadrado|dirección,carré|direction,quadrat|richtung,квадрат|направление,사각형|방향,مربع|اتجاه
曰,say|speak,decir|hablar,dire|parler,sagen|sprechen,сказать|говорить,말하다|이르다,قال|تحدث
止,stop|foot,parar|pie,arrêter|pied,stoppen|fuß,остановиться|нога,멈추다|발,توقف|قدم
歹,bad|evil,malo|mal,mauvais|mal,schlecht|böse,плохой|зло,나쁜|악,سيء|شر
氏,clan|surname,clan|apellido,clan|nom,clan|familienname,клан|фамилия,씨족|성,عشيرة|اسم العائلة
片,slice|piece,rebanada|pieza,tranche|morceau,scheibe|stück,ломтик|кусок,조각|편,شريحة|قطعة
爿,half tree,medio árbol,demi-arbre,halber baum,половина дерева,반나무,نصف شجرة
见,see|meet,ver|encontrar,voir|rencontrer,sehen|treffen,видеть|встречать,보다|만나다,رأى|التقى
长,long|grow,largo|crecer,long|pousser,lang|wachsen,длинный|расти,길다|자라다,طويل|نمو
韦,leather|soft,cuero|suave,cuir|doux,leder|weich,кожа|мягкий,가죽|부드러운,جلد|ناعم
殳,weapon|strike,arma|golpear,arme|frapper,waffe|schlagen,оружие|ударить,무기|치다,سلاح|ضرب
礻,spirit radical,radical de espíritu,radical d'esprit,geist-radikal,радикал духа,신 부수,جذر الروح
心,heart|mind,corazón|mente,cœur|esprit,herz|geist,сердце|разум,마음|심장,قلب|عقل
手,hand|grasp,mano|agarrar,main|saisir,hand|greifen,рука|хватать,손|잡다,يد|قبض
无,without|not have,sin|no tener,sans|ne pas avoir,ohne|nicht haben,без|не иметь,없이|갖지 않다,بدون|لا يملك
毛,hair|fur,cabello|pelaje,cheveu|fourrure,haar|fell,волосы|мех,털|모피,شعر|فراء
爪,claw|talon,garra|talón,griffe|talon,klaue|kralle,коготь|когти,발톱|탈론,مخلب|مخلب
爫,claw variant,variante de garra,variante de griffe,klauen-variante,вариант когтя,발톱 변형,متغير المخلب
牙,tooth|fang,diente|colmillo,dent|croc,zahn|reißzahn,зуб|клык,이빨|송곳니,سن|ناب
瓦,tile|pottery,teja|cerámica,tuile|poterie,ziegel|töpferei,черепица|керамика,기와|도자기,بلاط|فخار
支,support|branch,apoyar|rama,soutenir|branche,stützen|ast,поддерживать|ветвь,지지하다|가지,دعم|فرع
欠,owe|lack,deber|carecer,devoir|manquer,schulden|mangeln,должен|недостаток,빚지다|부족,دين|نقص
禸,track|trace,rastro|traza,piste|trace,spur|spur,след|след,발자국|흔적,مسار|أثر
⺩,jade variant,variante de jade,variante de jade,jade-variante,вариант нефрита,옥 변형,متغير اليشب
礻,show variant,variante de mostrar,variante de montrer,zeigen-variante,вариант показывать,보이다 변형,متغير الإظهار
攵,strike|tap,golpear|tocar,frapper|taper,schlagen|klopfen,ударить|стучать,치다|두드리다,ضرب|نقر
攴,strike variant,variante de golpear,variante de frapper,schlag-variante,вариант удара,치다 변형,متغير الضرب
罓,net|network,red|red de trabajo,filet|réseau,netz|netzwerk,сеть|сеть,그물|네트워크,شبكة|شبكة
耂,old|elderly,viejo|anciano,vieux|âgé,alt|ältlich,старый|пожилой,늙은|고령,قديم|مسن
不,not|no,no|no,pas|non,nicht|nein,не|нет,아니다|아니오,لا|لا
丑,ugly|second,feo|segundo,laid|deuxième,hässlich|zweite,уродливый|второй,못생긴|둘째,قبيح|ثاني
中,middle|center,medio|centro,milieu|centre,mitte|zentrum,середина|центр,가운데|중심,وسط|مركز
丰,abundant|plentiful,abundante|abundante,abondant|abondant,reichlich|reichlich,обильный|изобильный,풍부한|넉넉한,وفير|كثير
云,cloud|say,nube|decir,nuage|dire,wolke|sagen,облако|сказать,구름|말하다,سحابة|قال
井,well|pit,pozo|foso,puits|fosse,brunnen|grube,колодец|яма,우물|구덩이,بئر|حفرة
公,public|fair,público|justo,public|équitable,öffentlich|fair,общественный|справедливый,공공|공정,عام|عادل
内,inside|within,dentro|dentro de,dedans|dans,innen|innerhalb,внутри|в пределах,안에|안쪽,داخل|ضمن
分,divide|part,dividir|parte,diviser|partie,teilen|teil,делить|часть,나누다|부분,قسم|جزء
友,friend,amigo,ami,freund,друг,친구,صديق
天,sky|heaven,cielo|cielo,ciel|ciel,himmel|himmel,небо|небеса,하늘|천국,سماء|سماء
夫,husband|man,esposo|hombre,époux|homme,ehemann|mann,муж|мужчина,남편|남자,زوج|رجل
少,few|little,pocos|poco,peu|peu,wenige|wenig,немного|мало,적은|조금,قليل|قليل
旡,choke|obstruct,ahogar|obstruir,étouffer|obstruer,ersticken|verstopfen,душить|препятствовать,질식|방해,خنق|عرقل
专,special|focus,especial|enfocar,spécial|focus,speziell|fokus,специальный|фокус,특별|집중,خاص|تركيز
为,do|become,hacer|convertirse,faire|devenir,tun|werden,делать|становиться,하다|되다,فعل|أصبح
五,five,cinco,cinq,fünf,пять,다섯,خمسة
今,now|today,ahora|hoy,maintenant|aujourd'hui,jetzt|heute,сейчас|сегодня,지금|오늘,الآن|اليوم
介,introduce|between,introducir|entre,introduire|entre,vorstellen|zwischen,представлять|между,소개|사이,قدم|بين
仓,warehouse|granary,almacén|granero,entrepôt|grenier,lager|getreidespeicher,склад|амбар,창고|곡창,مستودع|مخزن
以,use|by,usar|por,utiliser|par,verwenden|durch,использовать|через,사용|으로,استخدم|بواسطة
元,origin|first,origen|primero,origine|premier,ursprung|erste,происхождение|первый,원|첫째,أصل|أول
六,six,seis,six,sechs,шесть,여섯,ستة
勿,do not|must not,no hacer|no debe,ne pas|ne doit pas,nicht tun|darf nicht,не делать|не должен,하지 말다|안 된다,لا تفعل|يجب ألا
区,area|region,área|región,zone|région,gebiet|region,область|регион,지역|구역,منطقة|إقليم
午,noon|horse,mediodía|caballo,midi|cheval,mittag|pferd,полдень|лошадь,정오|말,ظهر|حصان
屯,station|gather,estación|reunir,station|rassembler,station|sammeln,станция|собирать,주둔|모이다,محطة|اجتمع
巴,desire|hope,desear|esperar,désirer|espérer,begehren|hoffen,желать|надеяться,바라다|희망,رغب|أمل
太,too|very,demasiado|muy,trop|très,zu|sehr,слишком|очень,너무|매우,جدا|جدا
尺,ruler|foot,regla|pie,règle|pied,lineal|fuß,линейка|фут,자|발,مسطرة|قدم
乌,crow|black,cuervo|negro,corbeau|noir,krähe|schwarz,ворон|чёрный,까마귀|검은,غراب|أسود
亢,resist|raised,resistir|elevado,résister|élevé,widerstehen|erhöht,сопротивляться|поднятый,저항|높은,قاوم|مرتفع
冈,ridge|hill,cresta|colina,crête|colline,grat|hügel,гребень|холм,능선|언덕,قمة|تل
匀,even|uniform,parejo|uniforme,égal|uniforme,gleich|gleichmäßig,ровный|единообразный,고른|균일,متساو|موحد
匹,match|horse,coincidir|caballo,correspondre|cheval,passen|pferd,подходить|лошадь,맞다|말,مطابقة|حصان
升,rise|liter,subir|litro,monter|litre,steigen|liter,подниматься|литр,오르다|리터,صعد|لتر
尤,especially|blame,especialmente|culpar,surtout|blâmer,besonders|tadeln,особенно|винить,특히|비난,خاصة|لام
巨,huge|giant,enorme|gigante,énorme|géant,riesig|riese,огромный|гигант,거대한|거인,ضخم|عملاق
凶,fierce|evil,feroz|malvado,féroce|mal,wild|böse,свирепый|злой,사나운|악한,شرس|شر
办,do|handle,hacer|manejar,faire|gérer,tun|handhaben,делать|обращаться,하다|다루다,فعل|تعامل
开,open|start,abrir|empezar,ouvrir|commencer,öffnen|anfangen,открывать|начинать,열다|시작,فتح|ابدأ
朩,tree variant,variante de árbol,variante d'arbre,baum-variante,вариант дерева,나무 변형,متغير الشجرة
⺧,heart variant,variante de corazón,variante de cœur,herz-variante,вариант сердца,마음 변형,متغير القلب
勾,hook|seduce,gancho|seducir,crochet|séduire,haken|verführen,крючок|соблазнить,갈고리|유혹,خطاف|أغوى
母,mother,madre,mère,mutter,мать,어머니,أم
生,birth|life,nacimiento|vida,naissance|vie,geburt|leben,рождение|жизнь,출생|생명,ولادة|حياة
田,field|farm,campo|granja,champ|ferme,feld|bauernhof,поле|ферма,밭|농장,حقل|مزرعة
皿,dish|plate,plato|plato,plat|assiette,schüssel|teller,блюдо|тарелка,그릇|접시,طبق|صحن
目,eye|see,ojo|ver,œil|voir,auge|sehen,глаз|видеть,눈|보다,عين|رأى
矢,arrow|oath,flecha|juramento,flèche|serment,pfeil|eid,стрела|клятва,화살|맹세,سهم|قسم
石,stone|rock,piedra|roca,pierre|roche,stein|fels,камень|скала,돌|바위,حجر|صخرة
示,show|reveal,mostrar|revelar,montrer|révéler,zeigen|offenbaren,показать|раскрывать,보이다|드러내다,أظهر|كشف
禾,grain|crop,grano|cultivo,grain|récolte,getreide|ernte,зерно|урожай,곡식|작물,حبوب|محصول
鸟,bird|fly,pájaro|volar,oiseau|voler,vogel|fliegen,птица|летать,새|날다,طائر|طار
衤,clothing radical,radical de ropa,radical de vêtement,kleider-radikal,радикал одежды,옷 부수,جذر الملابس
玉,jade|precious,jade|precioso,jade|précieux,jade|kostbar,нефрит|драгоценный,옥|귀한,يشب|ثمين
甘,sweet|willing,dulce|dispuesto,doux|disposé,süß|bereit,сладкий|готовый,달콤한|기꺼이,حلو|راغب
用,use|employ,usar|emplear,utiliser|employer,verwenden|beschäftigen,использовать|нанимать,사용|고용,استخدم|وظف
白,white|clear,blanco|claro,blanc|clair,weiß|klar,белый|ясный,흰|명확한,أبيض|واضح
立,stand|establish,pararse|establecer,se tenir|établir,stehen|gründen,стоять|устанавливать,서다|세우다,وقف|أسس
龙,dragon|imperial,dragón|imperial,dragon|impérial,drache|kaiserlich,дракон|имперский,용|황실,تنين|إمبراطوري
钅,metal radical,radical de metal,radical de métal,metall-radikal,радикал металла,금속 부수,جذر المعدن
瓜,melon|gourd,melón|calabaza,melon|courge,melone|kürbis,дыня|тыква,참외|박,شمام|قرع
矛,spear|lance,lanza|lanza,lance|lance,speer|lanze,копьё|копьё,창|창,رمح|رمح
玄,dark|mysterious,oscuro|misterioso,sombre|mystérieux,dunkel|geheimnisvoll,тёмный|таинственный,어두운|신비로운,مظلم|غامض
皮,skin|leather,piel|cuero,peau|cuir,haut|leder,кожа|кожа,피부|가죽,جلد|جلد
穴,cave|hole,cueva|agujero,grotte|trou,höhle|loch,пещера|дыра,굴|구멍,كهف|حفرة
氺,water variant,variante de agua,variante d'eau,wasser-variante,вариант воды,물 변형,متغير الماء
疋,foot|bolt,pie|perno,pied|boulon,fuß|bolzen,нога|болт,발|볼트,قدم|مسمار
疒,sickness radical,radical de enfermedad,radical de maladie,krankheits-radikal,радикал болезни,병 부수,جذر المرض
癶,footsteps,pasos,pas,schritte,шаги,발걸음,خطوات
罒,net|eye,red|ojo,filet|œil,netz|auge,сеть|глаз,그물|눈,شبكة|عين
乍,sudden|work,repentino|trabajar,soudain|travailler,plötzlich|arbeiten,внезапно|работать,갑자기|일하다,مفاجئ|عمل
丙,third|fire,tercero|fuego,troisième|feu,dritte|feuer,третий|огонь,셋째|불,ثالث|نار
乐,music|joy,música|alegría,musique|joie,musik|freude,музыка|радость,음악|기쁨,موسيقى|فرح
兄,elder brother,hermano mayor,frère aîné,älterer bruder,старший брат,형,أخ أكبر
四,four,cuatro,quatre,vier,четыре,넷,أربعة
央,center|middle,centro|medio,centre|milieu,zentrum|mitte,центр|середина,중앙|가운데,مركز|وسط
它,it|other,eso|otro,il|autre,es|andere,оно|другой,그것|다른,إنه|آخر
甲,armor|first,armadura|primero,armure|premier,rüstung|erste,броня|первый,갑옷|첫째,درع|أول
刍,grass|fodder,hierba|forraje,herbe|fourrage,gras|futter,трава|корм,풀|사료,عشب|علف
戋,small|narrow,pequeño|estrecho,petit|étroit,klein|schmal,маленький|узкий,작은|좁은,صغير|ضيق
且,and|moreover,y|además,et|de plus,und|außerdem,и|кроме того,그리고|게다가,و|علاوة على ذلك
丘,hill|mound,colina|montículo,colline|monticule,hügel|hügel,холм|холм,언덕|둔덕,تل|تل
业,business|karma,negocio|karma,affaire|karma,geschäft|karma,бизнес|карма,사업|업,عمل|كارما
东,east,este,est,osten,восток,동,شرق
乎,question particle,partícula interrogativa,particule interrogative,fragepartikel,вопросительная частица,어조사,أداة استفهام
令,order|command,orden|comando,ordre|commande,befehl|kommando,приказ|команда,명령|지시,أمر|قيادة
冬,winter,invierno,hiver,winter,зима,겨울,شتاء
出,exit|produce,salir|producir,sortir|produire,ausgehen|produzieren,выходить|производить,나가다|생산,خرج|أنتج
包,wrap|package,envolver|paquete,envelopper|paquet,umhüllen|paket,обёртывать|пакет,싸다|포장,لف|حزمة
北,north,norte,nord,norden,север,북,شمال
占,occupy|divine,ocupar|divino,occuper|divin,besetzen|göttlich,занимать|божественный,점유|점치다,احتل|إلهي
去,go|leave,ir|dejar,aller|partir,gehen|verlassen,идти|оставлять,가다|떠나다,ذهب|غادر
古,ancient|old,antiguo|viejo,ancien|vieux,alt|alt,древний|старый,고대|옛,قديم|قديم
句,sentence|phrase,oración|frase,phrase|phrase,satz|phrase,предложение|фраза,문장|구,جملة|عبارة
只,only|just,solo|justo,seulement|juste,nur|gerade,только|только,오직|단지,فقط|فقط
可,can|may,poder|poder,pouvoir|peut,können|darf,мочь|может,할 수|아마,يمكن|قد
宁,rather|peaceful,mejor|pacífico,plutôt|paisible,lieber|friedlich,скорее|мирный,차라리|평화로운,بدلا|سلمي
旦,dawn|morning,amanecer|mañana,aube|matin,morgendämmerung|morgen,рассвет|утро,새벽|아침,فجر|صباح
正,correct|straight,correcto|recto,correct|droit,richtig|gerade,правильный|прямой,바른|곧은,صحيح|مستقيم
申,report|extend,reportar|extender,rapporter|étendre,berichten|erweitern,сообщать|расширять,신고|연장,تقرير|مدد
头,head|top,cabeza|parte superior,tête|haut,kopf|oben,голова|верх,머리|위,رأس|أعلى
市,market|city,mercado|ciudad,marché|ville,markt|stadt,рынок|город,시장|도시,سوق|مدينة
布,cloth|spread,tela|extender,tissu|étendre,tuch|ausbreiten,ткань|распространять,천|펼치다,قماش|انتشر
平,flat|peaceful,plano|pacífico,plat|paisible,flach|friedlich,плоский|мирный,평평한|평화로운,مسطح|سلمي
未,not yet,aún no,pas encore,noch nicht,ещё не,아직,لم يحن بعد
末,end|tip,fin|punta,fin|bout,ende|spitze,конец|кончик,끝|끝,نهاية|طرف
本,root|origin,raíz|origen,racine|origine,wurzel|ursprung,корень|происхождение,뿌리|근본,جذر|أصل
半,half,mitad,moitié,hälfte,половина,반,نصف
台,platform|stage,plataforma|escenario,plateforme|scène,plattform|bühne,платформа|сцена,대|무대,منصة|مرحلة
必,must|necessary,debe|necesario,doit|nécessaire,muss|notwendig,должен|необходимый,반드시|필요,يجب|ضروري
电,electricity|lightning,electricidad|rayo,électricité|éclair,elektrizität|blitz,электричество|молния,전기|번개,كهرباء|برق
术,art|method,arte|método,art|méthode,kunst|methode,искусство|метод,술|방법,فن|طريقة
兰,orchid|elegant,orquídea|elegante,orchidée|élégant,orchidee|elegant,орхидея|элегантный,난초|우아한,أوركيد|أنيق
击,strike|attack,golpear|atacar,frapper|attaquer,schlagen|angreifen,ударить|атаковать,치다|공격,ضرب|هاجم
失,lose|miss,perder|fallar,perdre|manquer,verlieren|verpassen,терять|пропускать,잃다|놓치다,فقد|فوت
尼,nun|near,monja|cerca,religieuse|près,nonne|nah,монахиня|рядом,수녀|가까운,راهبة|قريب
𤴔,ancient variant,variante antigua,variante ancienne,alte variante,древний вариант,고대 변형,متغير قديم
卡,card|stuck,tarjeta|atascado,carte|coincé,karte|stecken,карта|застрял,카드|끼인,بطاقة|عالق
另,other|separate,otro|separar,autre|séparer,andere|getrennt,другой|отдельный,다른|분리,آخر|منفصل
斥,scold|repel,regañar|repeler,gronder|repousser,schelten|abwehren,ругать|отталкивать,꾸짖다|배척,وبخ|صد
由,reason|from,razón|de,raison|de,grund|von,причина|от,이유|부터,سبب|من
米,rice|grain,arroz|grano,riz|grain,reis|getreide,рис|зерно,쌀|곡물,أرز|حبوب
糸,silk|thread,seda|hilo,soie|fil,seide|faden,шёлк|нить,실크|실,حرير|خيط
缶,can|jar,lata|frasco,boîte|pot,dose|krug,банка|кувшин,깡통|항아리,علبة|جرة
羊,sheep|goat,oveja|cabra,mouton|chèvre,schaf|ziege,овца|коза,양|염소,خروف|ماعز
⺶,sheep variant,variante de oveja,variante de mouton,schaf-variante,вариант овцы,양 변형,متغير الخروف
⺷,sheep variant,variante de oveja,variante de mouton,schaf-variante,вариант овцы,양 변형,متغير الخروف
老,old|elderly,viejo|anciano,vieux|âgé,alt|ältlich,старый|пожилой,늙은|고령,قديم|مسن
耳,ear|hear,oreja|oír,oreille|entendre,ohr|hören,ухо|слышать,귀|듣다,أذن|سمع
臣,minister|subject,ministro|súbdito,ministre|sujet,minister|untertan,министр|подданный,신하|신민,وزير|رعية
自,self|from,yo|de,soi|de,selbst|von,себя|от,자기|부터,نفس|من
舌,tongue|language,lengua|idioma,langue|langue,zunge|sprache,язык|язык,혀|언어,لسان|لغة
舟,boat|ship,bote|barco,bateau|navire,boot|schiff,лодка|корабль,배|배,قارب|سفينة
血,blood,sangre,sang,blut,кровь,피,دم
行,walk|travel,caminar|viajar,marcher|voyager,gehen|reisen,идти|путешествовать,걷다|여행,مشي|سافر
衣,clothing|cover,ropa|cubrir,vêtement|couvrir,kleidung|bedecken,одежда|покрывать,옷|덮다,ثياب|غطى
页,page|leaf,página|hoja,page|feuille,seite|blatt,страница|лист,페이지|잎,صفحة|ورقة
聿,writing brush,pincel de escribir,pinceau d'écriture,schreibpinsel,кисть для письма,붓,فرشاة الكتابة
虍,tiger stripes,rayas de tigre,rayures de tigre,tigerstreifen,тигровые полосы,호랑이 줄무늬,خطوط النمر
网,net|network,red|red de trabajo,filet|réseau,netz|netzwerk,сеть|сеть,그물|네트워크,شبكة|شبكة
羽,feather|wing,pluma|ala,plume|aile,feder|flügel,перо|крыло,깃털|날개,ريشة|جناح
而,and|but,y|pero,et|mais,und|aber,и|но,그리고|그러나,و|لكن
至,reach|arrive,alcanzar|llegar,atteindre|arriver,erreichen|ankommen,достигать|прибывать,이르다|도착,وصل|وصل
西,west,oeste,ouest,westen,запад,서,غرب
齐,neat|even,ordenado|parejo,ordonné|égal,ordentlich|gleich,аккуратный|ровный,정돈|고른,مرتب|متساو
竹,bamboo,bambú,bambou,bambus,бамбук,대나무,خيزران
⺮,bamboo variant,variante de bambú,variante de bambou,bambus-variante,вариант бамбука,대나무 변형,متغير الخيزران
艮,mountain|stop,montaña|parar,montagne|arrêter,berg|stoppen,гора|остановиться,산|멈추다,جبل|توقف
肉,meat|flesh,carne|carne,viande|chair,fleisch|fleisch,мясо|плоть,고기|살,لحم|لحم
耒,plow|farming,arado|agricultura,charrue|agriculture,pflug|landwirtschaft,плуг|земледелие,쟁기|농업,محراث|زراعة
臼,mortar|pestle,mortero|maja,mortier|pilon,mörser|stößel,ступка|пестик,절구|공이,هاون|مدقة
色,color|appearance,color|apariencia,couleur|apparence,farbe|erscheinung,цвет|внешность,색|외모,لون|مظهر
虫,insect|worm,insecto|gusano,insecte|ver,insekt|wurm,насекомое|червь,벌레|벌레,حشرة|دودة
覀,west variant,variante de oeste,variante d'ouest,west-variante,вариант запада,서 변형,متغير الغرب
尧,high|eminent,alto|eminente,haut|éminent,hoch|hervorragend,высокий|выдающийся,높은|탁월한,عالي|بارز
屰,disobey|reverse,desobedecer|reverso,désobéir|inverse,ungehorsam|umgekehrt,непослушный|обратный,거역|역,عصى|عكس
各,each|every,cada|cada,chaque|chaque,jeder|jeder,каждый|каждый,각|각각,كل|كل
合,combine|together,combinar|juntos,combiner|ensemble,kombinieren|zusammen,комбинировать|вместе,합치다|함께,دمج|معا
吉,lucky|good,afortunado|bueno,chanceux|bon,glücklich|gut,удачливый|хорошо,운이 좋은|좋은,محظوظ|جيد
向,toward|direction,hacia|dirección,vers|direction,zu|richtung,к|направление,향하여|방향,نحو|اتجاه
吕,spine|backbone,espina|columna,épine|colonne,wirbelsäule|rückgrat,позвоночник|хребет,척추|등뼈,عمود فقري|عمود فقري
曲,curve|song,curva|canción,courbe|chanson,kurve|lied,кривая|песня,곡선|노래,منحنى|أغنية
交,cross|exchange,cruzar|intercambiar,croiser|échanger,kreuzen|austauschen,пересекать|обмениваться,교차|교환,عبر|تبادل
共,together|common,juntos|común,ensemble|commun,zusammen|gemeinsam,вместе|общий,함께|공통,معا|مشترك
寺,temple|monastery,templo|monasterio,temple|monastère,tempel|kloster,храм|монастырь,절|수도원,معبد|دير
并,and|together,y|juntos,et|ensemble,und|zusammen,и|вместе,그리고|함께,و|معا
庄,village|solemn,aldea|solemne,village|solennel,dorf|feierlich,деревня|торжественный,마을|엄숙한,قرية|رسمي
囟,fontanel|skull,fontanela|cráneo,fontanelle|crâne,fontanelle|schädel,родничок|череп,숫구멍|두개골,اليافوخ|جمجمة
式,style|ceremony,estilo|ceremonia,style|cérémonie,stil|zeremonie,стиль|церемония,스타일|의식,أسلوب|حفل
豕,pig|boar,cerdo|jabalí,cochon|sanglier,schwein|eber,свинья|кабан,돼지|멧돼지,خنزير|خنزير بري
酉,rooster|wine,gallo|vino,coq|vin,hahn|wein,петух|вино,닭|술,ديك|نبيذ
谷,valley|grain,valle|grano,vallée|grain,tal|getreide,долина|зерно,골짜기|곡물,وادي|حبوب
豆,bean|vessel,frijol|recipiente,haricot|récipient,bohne|gefäß,боб|сосуд,콩|그릇,فول|وعاء
足,foot|enough,pie|suficiente,pied|assez,fuß|genug,нога|достаточно,발|충분한,قدم|كافي
邑,city|settlement,ciudad|asentamiento,ville|établissement,stadt|siedlung,город|поселение,도시|정착지,مدينة|مستوطنة
麦,wheat|barley,trigo|cebada,blé|orge,weizen|gerste,пшеница|ячмень,밀|보리,قمح|شعير
豸,beast|badger,bestia|tejón,bête|blaireau,bestie|dachs,зверь|барсук,짐승|오소리,وحش|غرير
角,horn|corner,cuerno|esquina,corne|coin,horn|ecke,рог|угол,뿔|모서리,قرن|زاوية
言,words|speech,palabras|habla,paroles|discours,worte|rede,слова|речь,말|언어,كلمات|خطاب
赤,red|bare,rojo|desnudo,rouge|nu,rot|nackt,красный|голый,빨간|벌거벗은,أحمر|عاري
辛,bitter|hard,amargo|duro,amer|dur,bitter|hart,горький|твёрдый,쓴|어려운,مر|صعب
辰,morning|time,mañana|tiempo,matin|temps,morgen|zeit,утро|время,아침|시간,صباح|وقت
釆,distinguish|separate,distinguir|separar,distinguer|séparer,unterscheiden|trennen,различать|отделять,구별|분리,تمييز|فصل
龟,turtle|tortoise,tortuga|tortuga,tortue|tortue,schildkröte|schildkröte,черепаха|черепаха,거북이|거북,سلحفاة|سلحفاة
走,walk|run,caminar|correr,marcher|courir,gehen|laufen,идти|бежать,걷다|달리다,مشي|جري
身,body|self,cuerpo|yo,corps|soi,körper|selbst,тело|себя,몸|자기,جسد|نفس
卤,salt|crude,sal|crudo,sel|cru,salz|roh,соль|сырой,소금|거친,ملح|خام
里,inside|village,dentro|aldea,dedans|village,innen|dorf,внутри|деревня,안|마을,داخل|قرية
舛,contrary|opposite,contrario|opuesto,contraire|opposé,gegenteilig|gegenteil,противоположный|противоположный,반대|반대,مخالف|معاكس
甫,nursery|cultivate,vivero|cultivar,pépinière|cultiver,baumschule|kultivieren,питомник|выращивать,육묘장|기르다,مشتل|زرع
良,good|fine,bueno|fino,bon|fin,gut|fein,хороший|хорошо,좋은|훌륭한,جيد|جميل
员,member|round,miembro|redondo,membre|rond,mitglied|rund,член|круглый,회원|둥근,عضو|مستدير
佥,all|together,todos|juntos,tous|ensemble,alle|zusammen,все|вместе,모두|함께,جميع|معا
夆,abundance,abundancia,abondance,fülle,изобилие,풍요,وفرة
孚,trust|belief,confianza|creencia,confiance|croyance,vertrauen|glaube,доверие|вера,신뢰|믿음,ثقة|اعتقاد
㐬,flow|stream,fluir|arroyo,couler|ruisseau,fließen|bach,течь|поток,흐르다|시냇물,تدفق|جدول
呙,spiral|nested,espiral|anidado,spirale|niché,spiral|verschachtelt,спираль|вложенный,나선|중첩,حلزوني|متداخل
肙,ancient form,forma antigua,forme ancienne,alte form,древняя форма,고대 형태,شكل قديم
㕻,ancient variant,variante antigua,variante ancienne,alte variante,древний вариант,고대 변형,متغير قديم
坙,ancient form,forma antigua,forme ancienne,alte form,древняя форма,고대 형태,شكل قديم
奂,brilliant|changing,brillante|cambiante,brillant|changeant,brillant|wechselnd,блестящий|изменяющийся,빛나는|변화,لامع|متغير
雨,rain|water,lluvia|agua,pluie|eau,regen|wasser,дождь|вода,비|물,مطر|ماء
鱼,fish|swim,pez|nadar,poisson|nager,fisch|schwimmen,рыба|плавать,물고기|수영,سمك|سبح
隹,bird|short tail,pájaro|cola corta,oiseau|queue courte,vogel|kurzer schwanz,птица|короткий хвост,새|짧은 꼬리,طائر|ذيل قصير
黾,frog|toad,rana|sapo,grenouille|crapaud,frosch|kröte,лягушка|жаба,개구리|두꺼비,ضفدع|علجوم
齿,tooth|dental,diente|dental,dent|dentaire,zahn|dental,зуб|зубной,이빨|치과,سن|أسنان
金,metal|gold,metal|oro,métal|or,metall|gold,металл|золото,금|쇠,معدن|ذهب
青,blue|green,azul|verde,bleu|vert,blau|grün,синий|зелёный,파란|초록,أزرق|أخضر
非,not|wrong,no|incorrecto,pas|faux,nicht|falsch,не|неправильно,아니다|틀린,ليس|خطأ
阜,mound|hill,montículo|colina,monticule|colline,hügel|hügel,холм|холм,언덕|언덕,تل|تل
隶,servant|slave,sirviente|esclavo,serviteur|esclave,diener|sklave,слуга|раб,하인|노예,خادم|عبد
幷,combine|join,combinar|unir,combiner|joindre,kombinieren|verbinden,комбинировать|присоединяться,합치다|결합,دمج|انضم
易,easy|change,fácil|cambiar,facile|changer,einfach|ändern,лёгкий|изменять,쉬운|바꾸다,سهل|غير
東,east,este,est,osten,восток,동,شرق
责,duty|blame,deber|culpar,devoir|blâmer,pflicht|tadeln,долг|винить,의무|비난,واجب|لام
奉,offer|serve,ofrecer|servir,offrir|servir,anbieten|dienen,предлагать|служить,바치다|섬기다,عرض|خدم
尚,still|esteem,todavía|estimar,encore|estimer,noch|schätzen,ещё|уважать,아직|존중,لا يزال|احترم
龺,ancient form,forma antigua,forme ancienne,alte form,древняя форма,고대 형태,شكل قديم
其,his|that,su|ese,son|ce,sein|das,его|тот,그의|그,له|ذلك
食,food|eat,comida|comer,nourriture|manger,nahrung|essen,еда|есть,음식|먹다,طعام|أكل
鬼,ghost|spirit,fantasma|espíritu,fantôme|esprit,geist|geist,призрак|дух,귀신|영혼,شبح|روح
面,face|surface,cara|superficie,visage|surface,gesicht|oberfläche,лицо|поверхность,얼굴|표면,وجه|سطح
首,head|chief,cabeza|jefe,tête|chef,kopf|chef,голова|главный,머리|우두머리,رأس|رئيس
香,fragrant|incense,fragante|incienso,parfumé|encens,duftend|weihrauch,ароматный|благовония,향기로운|향,عطر|بخور
革,leather|reform,cuero|reformar,cuir|réformer,leder|reformieren,кожа|реформировать,가죽|개혁,جلد|إصلاح
韭,leek|chive,puerro|cebollino,poireau|ciboulette,lauch|schnittlauch,лук-порей|шнитт-лук,부추|파,كراث|ثوم معمر
音,sound|music,sonido|música,son|musique,klang|musik,звук|музыка,소리|음악,صوت|موسيقى
骨,bone|skeleton,hueso|esqueleto,os|squelette,knochen|skelett,кость|скелет,뼈|골격,عظم|هيكل عظمي
咸,salty|all,salado|todos,salé|tous,salzig|alle,солёный|все,짠|모든,مالح|جميع
畏,fear|awe,miedo|asombro,peur|crainte,furcht|ehrfurcht,страх|трепет,두려움|경외,خوف|رهبة
畐,full|abundant,lleno|abundante,plein|abondant,voll|reichlich,полный|изобильный,가득|풍부한,مليء|وفير
柬,select|choose,seleccionar|elegir,sélectionner|choisir,auswählen|wählen,выбирать|выбирать,선택|고르다,اختر|اختر
禺,corner|join,esquina|unir,coin|joindre,ecke|verbinden,угол|соединять,모서리|결합,زاوية|انضم
高,high|tall,alto|alto,haut|grand,hoch|groß,высокий|высокий,높은|큰,عالي|طويل
鬥,fight|struggle,luchar|luchar,combattre|lutter,kämpfen|kämpfen,бороться|бороться,싸우다|투쟁,قاتل|صراع
鹿,deer|elk,ciervo|alce,cerf|élan,hirsch|elch,олень|лось,사슴|엘크,غزال|أيل
麻,hemp|flax,cáñamo|lino,chanvre|lin,hanf|flachs,конопля|лён,대마|아마,قنب|كتان
黑,black|dark,negro|oscuro,noir|sombre,schwarz|dunkel,чёрный|тёмный,검은|어두운,أسود|مظلم
黍,millet|grain,mijo|grano,millet|grain,hirse|getreide,просо|зерно,기장|곡물,دخن|حبوب
黄,yellow|emperor,amarillo|emperador,jaune|empereur,gelb|kaiser,жёлтый|император,노란|황제,أصفر|إمبراطور
鼓,drum|encourage,tambor|animar,tambour|encourager,trommel|ermutigen,барабан|поощрять,북|격려,طبل|شجع
鼻,nose|nasal,nariz|nasal,nez|nasal,nase|nasal,нос|носовой,코|비강,أنف|أنفي
巠,fiber|radial,fibra|radial,fibre|radial,faser|radial,волокно|радиальный,섬유|방사상,ألياف|شعاعي